{"cameraMode":{"drawMode":0,"name":"Shaded","section":"Shading Mode"},"sceneLighting":true,"audioPlay":false,"sceneViewState":{"showFog":true,"showMaterialUpdate":false,"showSkybox":true,"showFlares":true,"showImageEffects":true,"showParticleSystems":true},"in2DMode":false,"pivot":{"x":22.926374435424806,"y":-6.458316326141357,"z":-17.974807739257814},"rotation":{"x":-0.002332863165065646,"y":0.9924086332321167,"z":-0.12148703634738922,"w":-0.01905534416437149},"size":10.0,"orthographic":false}