{"cameraMode":{"drawMode":0,"name":"Shaded","section":"Shading Mode"},"sceneLighting":true,"audioPlay":false,"sceneViewState":{"showFog":true,"showMaterialUpdate":false,"showSkybox":true,"showFlares":true,"showImageEffects":true,"showParticleSystems":true},"in2DMode":false,"pivot":{"x":22.484821319580079,"y":-7.074151039123535,"z":28.437042236328126},"rotation":{"x":-0.0931703969836235,"y":0.00955615658313036,"z":-0.0008936562808230519,"w":-0.995608389377594},"size":10.0,"orthographic":false}